Respondent,MainBranch,Hobbyist,Age,Age1stCode,CompFreq,CompTotal,ConvertedComp,Country,CurrencyDesc,CurrencySymbol,DatabaseDesireNextYear,DatabaseWorkedWith,DevType,EdLevel,Employment,Ethnicity,Gender,JobFactors,JobSat,JobSeek,LanguageDesireNextYear,LanguageWorkedWith,MiscTechDesireNextYear,MiscTechWorkedWith,NEWCollabToolsDesireNextYear,NEWCollabToolsWorkedWith,NEWDevOps,NEWDevOpsImpt,NEWEdImpt,NEWJobHunt,NEWJobHuntResearch,NEWLearn,NEWOffTopic,NEWOnboardGood,NEWOtherComms,NEWOvertime,NEWPurchaseResearch,NEWPurpleLink,NEWSOSites,NEWStuck,OpSys,OrgSize,PlatformDesireNextYear,PlatformWorkedWith,PurchaseWhat,Sexuality,SOAccount,SOComm,SOPartFreq,SOVisitFreq,SurveyEase,SurveyLength,Trans,UndergradMajor,WebframeDesireNextYear,WebframeWorkedWith,WelcomeChange,WorkWeekHrs,YearsCode,YearsCodePro
717,"I used to be a developer by profession, but no longer am",No,22.0,20,,,,Ethiopia,,,MariaDB;MySQL,MariaDB;MySQL,"Developer, back-end;Developer, front-end;Developer, full-stack",Some college/university study without earning a degree,"Independent contractor, freelancer, or self-employed",Black or of African descent,Man,,,,HTML/CSS;JavaScript;PHP,HTML/CSS;Java;JavaScript;Objective-C;PHP,,,,Github;Trello,,,Not at all important/not necessary,,,Once a year,Not sure,,Yes,,,"Hello, old friend",Stack Overflow (public Q&A for anyone who codes);Stack Exchange (public Q&A for a variety of topics),Visit Stack Overflow;Watch help / tutorial videos;Visit another developer community (please name):,Windows,,,Android,,Straight / Heterosexual,Yes,"Yes, somewhat",Less than once per month or monthly,Daily or almost daily,Easy,Appropriate in length,No,"A business discipline (such as accounting, finance, marketing, etc.)",Laravel;React.js,React.js,Just as welcome now as I felt last year,,2,1
7225,I code primarily as a hobby,Yes,70.0,33,,,,Ethiopia,,,MongoDB;MySQL;PostgreSQL;SQLite,SQLite,,"Bachelor’s degree (B.A., B.S., B.Eng., etc.)",Retired,,Man,,,,Dart;HTML/CSS;JavaScript;Kotlin;Python;R;Swift,Dart;HTML/CSS;JavaScript;Objective-C;Python;Ruby;Swift,,,"Github;Trello;Google Suite (Docs, Meet, etc)","Github;Slack;Trello;Google Suite (Docs, Meet, etc)",,,Critically important,,,,,,No,,,,Stack Overflow (public Q&A for anyone who codes),Visit Stack Overflow,MacOS,,Android;Heroku;iOS;MacOS;Raspberry Pi,Android;Heroku;iOS;MacOS,,Straight / Heterosexual,No,Neutral,,Daily or almost daily,Easy,,No,Mathematics or statistics,Django;jQuery;React.js;Ruby on Rails,jQuery;Ruby on Rails,,,15,
9680,I am a developer by profession,Yes,,14,,,,Ethiopia,Ethiopian birr,ETB,Firebase;MongoDB;SQLite,Firebase;MariaDB;Microsoft SQL Server;MongoDB;MySQL;PostgreSQL;SQLite,"Developer, back-end;Developer, mobile","Bachelor’s degree (B.A., B.S., B.Eng., etc.)","Independent contractor, freelancer, or self-employed",Black or of African descent,Man,Flex time or a flexible schedule;Remote work options;Opportunities for professional development,Neither satisfied nor dissatisfied,"I’m not actively looking, but I am open to new opportunities",Java;JavaScript;Kotlin;Objective-C;Python;TypeScript,Dart;HTML/CSS;Java;JavaScript;Kotlin;PHP;Python,Node.js;React Native;TensorFlow;Unity 3D;Unreal Engine,Node.js,Jira;Github;Gitlab,Github;Gitlab;Trello,No,Extremely important,Somewhat important,Just because;Curious about other opportunities;Better compensation;Better work/life balance;Looking to relocate,"Company reviews from third party sites (e.g. Glassdoor, Blind)",Once a year,No,Onboarding? What onboarding?,Yes,Often: 1-2 days per week or more,Start a free trial;Read ratings or reviews on third party sites like G2Crowd,"Hello, old friend",Stack Overflow (public Q&A for anyone who codes);Stack Exchange (public Q&A for a variety of topics);Stack Overflow Jobs (for job seekers),Play games;Visit Stack Overflow;Do other work and come back later,Linux-based,"Just me - I am a freelancer, sole proprietor, etc.",Android;AWS;Docker;Google Cloud Platform;Heroku;iOS;Kubernetes;Linux;MacOS,Android;Docker;Heroku;Linux;Windows,,Straight / Heterosexual,Yes,Neutral,A few times per month or weekly,Daily or almost daily,Easy,Appropriate in length,No,"Computer science, computer engineering, or software engineering",Angular;Angular.js;Express;Laravel;React.js;Vue.js,,Just as welcome now as I felt last year,40.0,12,5
9883,"I am not primarily a developer, but I write code sometimes as part of my work",Yes,,21,Monthly,6000.0,2256.0,Ethiopia,Ethiopian birr,ETB,PostgreSQL,MySQL;PostgreSQL;SQLite,,"Bachelor’s degree (B.A., B.S., B.Eng., etc.)",Employed full-time,Black or of African descent,Man,How widely used or impactful my work output would be;Office environment or company culture;Opportunities for professional development,Slightly satisfied,I am actively looking for a job,Python,Python,Node.js;Pandas,,Github;Gitlab,Github,No,Extremely important,Somewhat important,Curious about other opportunities;Better compensation;Better work/life balance;Wanting to work with new technologies;Growth or leadership opportunities;Looking to relocate,"Personal network - friends or family;Read other media like news articles, founder profiles, etc. about the company",Every few months,No,No,Yes,Never,,"Hello, old friend",Stack Overflow (public Q&A for anyone who codes);Stack Exchange (public Q&A for a variety of topics),Visit Stack Overflow;Watch help / tutorial videos;Do other work and come back later,Linux-based,"1,000 to 4,999 employees",Heroku;Linux,Heroku;Linux,I have little or no influence,,Yes,"Yes, definitely",A few times per month or weekly,Daily or almost daily,Neither easy nor difficult,Appropriate in length,,"A natural science (such as biology, chemistry, physics, etc.)",Django;Flask,Flask,Just as welcome now as I felt last year,25.0,2,2
10296,I am a developer by profession,Yes,22.0,17,Monthly,8310.0,3120.0,Ethiopia,Ethiopian birr,ETB,MySQL;SQLite,MySQL;SQLite,"Developer, back-end;Developer, desktop or enterprise applications;Developer, embedded applications or devices;Developer, front-end;Developer, mobile;Educator","Bachelor’s degree (B.A., B.S., B.Eng., etc.)",Employed full-time,Black or of African descent,Man,"Flex time or a flexible schedule;Languages, frameworks, and other technologies I’d be working with;Opportunities for professional development",Very dissatisfied,I am actively looking for a job,C;C#;C++;HTML/CSS;Java;Kotlin;PHP;Python,C#;C++;HTML/CSS;Java;PHP;Python,.NET,,Github;Facebook Workplace;Stack Overflow for Teams,,No,Somewhat important,Very important,Wanting to share accomplishments with a wider network;Wanting to work with new technologies,"Read company media, such as employee blogs or company culture videos;Company reviews from third party sites (e.g. Glassdoor, Blind);Publicly available financial information (e.g. Crunchbase);Personal network - friends or family;Directly asking current or past employees at the company",Once a year,Not sure,Onboarding? What onboarding?,No,Often: 1-2 days per week or more,,Amused,Stack Overflow (public Q&A for anyone who codes);Stack Exchange (public Q&A for a variety of topics),Play games;Call a coworker or friend;Visit Stack Overflow;Go for a walk or other physical activity;Watch help / tutorial videos;Do other work and come back later;Visit another developer community (please name):,Windows,,Android;Arduino;Linux;Windows,Android,I have little or no influence,Straight / Heterosexual,Yes,"Yes, definitely",Less than once per month or monthly,Multiple times per day,Easy,Appropriate in length,No,"Computer science, computer engineering, or software engineering",ASP.NET;jQuery,,A lot more welcome now than last year,4.0,6,4
10338,I am a developer by profession,Yes,29.0,23,Monthly,12000.0,4500.0,Ethiopia,Ethiopian birr,ETB,MongoDB;PostgreSQL,MySQL;Oracle,"Developer, full-stack","Bachelor’s degree (B.A., B.S., B.Eng., etc.)",Employed full-time,Black or of African descent,Man,Financial performance or funding status of the company or organization;Opportunities for professional development;Family friendliness,Slightly satisfied,I am actively looking for a job,Dart;Kotlin;Python,C#;HTML/CSS;Java;JavaScript;PHP;TypeScript,Flutter;Node.js;Unity 3D;Xamarin,.NET;.NET Core,Stack Overflow for Teams,Github;Gitlab;Slack;Trello,Yes,Extremely important,Fairly important,Looking to relocate,Personal network - friends or family,Every few months,Yes,Yes,No,Rarely: 1-2 days per year or less,Ask developers I know/work with;Visit developer communities like Stack Overflow,Annoyed,Stack Overflow (public Q&A for anyone who codes);Stack Exchange (public Q&A for a variety of topics);Stack Overflow Jobs (for job seekers),Visit Stack Overflow;Do other work and come back later,Windows,20 to 99 employees,AWS;Docker;Linux,Android;Windows,I have some influence,Straight / Heterosexual,Yes,"Yes, somewhat",Daily or almost daily,Multiple times per day,Easy,Appropriate in length,,"Computer science, computer engineering, or software engineering",Express;Spring;Symfony,Angular;ASP.NET;ASP.NET Core;Laravel,Somewhat more welcome now than last year,8.0,7,3
10846,I am a developer by profession,No,25.0,21,Monthly,10000.0,3756.0,Ethiopia,Ethiopian birr,ETB,Microsoft SQL Server;MySQL;PostgreSQL,Microsoft SQL Server;MySQL,"Developer, back-end;Developer, full-stack","Bachelor’s degree (B.A., B.S., B.Eng., etc.)",Employed full-time,Black or of African descent,Man,Office environment or company culture,Very dissatisfied,I am not interested in new job opportunities,Java;JavaScript;Kotlin;SQL,Java;JavaScript;SQL,Node.js,,,,No,Neutral,Somewhat important,Curious about other opportunities;Better compensation;Better work/life balance,"Read company media, such as employee blogs or company culture videos",Once every few years,Yes,No,No,Never,,Annoyed,Stack Overflow (public Q&A for anyone who codes),Play games,Windows,2 to 9 employees,Android;Windows,Android;Windows,I have little or no influence,Straight / Heterosexual,Yes,"Yes, somewhat",Less than once per month or monthly,A few times per week,Easy,Appropriate in length,No,"Computer science, computer engineering, or software engineering",Angular;Angular.js;Spring,Spring,Just as welcome now as I felt last year,40.0,5,2
11133,I am a developer by profession,Yes,,,,,,Ethiopia,Ethiopian birr,ETB,Microsoft SQL Server,Microsoft SQL Server;MySQL,"Developer, front-end;Developer, full-stack","Bachelor’s degree (B.A., B.S., B.Eng., etc.)",Employed full-time,Black or of African descent,Man,,Slightly satisfied,"I’m not actively looking, but I am open to new opportunities",C#;C++;HTML/CSS;JavaScript;Kotlin;TypeScript,C#;HTML/CSS;JavaScript;Kotlin;TypeScript,.NET Core,.NET Core,Github,Github;Gitlab,Yes,,Fairly important,,,Every few months,,,Yes,,Visit developer communities like Stack Overflow,,,Visit Stack Overflow;Visit another developer community (please name):,Windows,,,AWS,I have some influence,Straight / Heterosexual,,,,,,,No,"Computer science, computer engineering, or software engineering",ASP.NET Core,Angular.js;ASP.NET;ASP.NET Core;React.js,,,,
13352,"I am not primarily a developer, but I write code sometimes as part of my work",Yes,,17,Monthly,10000.0,3756.0,Ethiopia,Ethiopian birr,ETB,Oracle;SQLite,Microsoft SQL Server;MySQL,,"Master’s degree (M.A., M.S., M.Eng., MBA, etc.)",Employed full-time,Black or of African descent,Man,Flex time or a flexible schedule;Remote work options;Opportunities for professional development,Slightly satisfied,"I’m not actively looking, but I am open to new opportunities",,C;C#;C++;HTML/CSS;Java;JavaScript;PHP;Python;SQL,Apache Spark;Flutter;Pandas,.NET,,,Not sure,Somewhat important,Fairly important,Wanting to share accomplishments with a wider network;Better compensation;Better work/life balance,"Read company media, such as employee blogs or company culture videos;Company reviews from third party sites (e.g. Glassdoor, Blind);Publicly available financial information (e.g. Crunchbase);Personal network - friends or family;Directly asking current or past employees at the company",Every few months,,Onboarding? What onboarding?,No,Sometimes: 1-2 days per month but less than weekly,Start a free trial;Ask developers I know/work with;Visit developer communities like Stack Overflow,Amused,Stack Overflow (public Q&A for anyone who codes),Visit Stack Overflow;Watch help / tutorial videos,Windows,"5,000 to 9,999 employees",Android;Google Cloud Platform;MacOS,Android;AWS;Windows,I have some influence,Straight / Heterosexual,Yes,Neutral,Less than once per month or monthly,A few times per month or weekly,Neither easy nor difficult,Appropriate in length,No,"Information systems, information technology, or system administration",Angular;Angular.js;Django;Drupal,ASP.NET,Somewhat less welcome now than last year,,10,6
14144,I am a developer by profession,Yes,23.0,18,,,,Ethiopia,Ethiopian birr,ETB,Firebase;Microsoft SQL Server,Firebase;Microsoft SQL Server;MySQL;SQLite,"Designer;Developer, back-end;Developer, desktop or enterprise applications;Developer, front-end;Developer, full-stack;Developer, mobile;Developer, QA or test;Educator","Bachelor’s degree (B.A., B.S., B.Eng., etc.)","Independent contractor, freelancer, or self-employed",Black or of African descent,Man,Flex time or a flexible schedule;Office environment or company culture;Opportunities for professional development,Very satisfied,"I’m not actively looking, but I am open to new opportunities",Dart;Python;Swift;TypeScript,C#;Dart;HTML/CSS;Java;JavaScript;PHP;SQL;TypeScript,.NET;.NET Core;Flutter;Node.js;React Native,.NET;.NET Core;Flutter;Node.js,Github;Trello;Stack Overflow for Teams,Github;Trello,,,Critically important,Better compensation;Trouble with leadership at my company;Wanting to work with new technologies,"Read company media, such as employee blogs or company culture videos;Company reviews from third party sites (e.g. Glassdoor, Blind);Publicly available financial information (e.g. Crunchbase);Personal network - friends or family;Read other media like news articles, founder profiles, etc. about the company;Directly asking current or past employees at the company",Every few months,No,,Yes,Often: 1-2 days per week or more,Start a free trial;Visit developer communities like Stack Overflow;Read ratings or reviews on third party sites like G2Crowd,Annoyed,Stack Overflow (public Q&A for anyone who codes);Stack Exchange (public Q&A for a variety of topics);Stack Overflow Jobs (for job seekers);Stack Overflow for Teams (private Q&A for organizations),Meditate;Visit Stack Overflow;Go for a walk or other physical activity;Do other work and come back later,Windows,"Just me - I am a freelancer, sole proprietor, etc.",Android;Windows,Android;Windows,,Straight / Heterosexual,Yes,"Yes, definitely",A few times per week,Multiple times per day,Easy,Appropriate in length,No,"Computer science, computer engineering, or software engineering",Angular;ASP.NET;ASP.NET Core;Express;jQuery;React.js,Angular;ASP.NET;ASP.NET Core;Express;jQuery,A lot more welcome now than last year,84.0,5,1
14315,I am a developer by profession,Yes,25.0,19,Monthly,36000.0,13512.0,Ethiopia,Ethiopian birr,ETB,Elasticsearch;Firebase;MySQL,Firebase;MongoDB;PostgreSQL;SQLite,"Developer, full-stack","Bachelor’s degree (B.A., B.S., B.Eng., etc.)",Employed full-time,Black or of African descent,Man,Industry that I’d be working in;Financial performance or funding status of the company or organization;Opportunities for professional development,Very satisfied,"I’m not actively looking, but I am open to new opportunities",Dart;Go;Kotlin;TypeScript,C#;HTML/CSS;Java;JavaScript;Kotlin;TypeScript,Flutter,.NET Core;Node.js,,Github;Gitlab;Slack;Trello,No,Somewhat important,Somewhat important,Growth or leadership opportunities,"Read company media, such as employee blogs or company culture videos;Company reviews from third party sites (e.g. Glassdoor, Blind);Personal network - friends or family",Once a year,Not sure,Onboarding? What onboarding?,No,Often: 1-2 days per week or more,Start a free trial,"Hello, old friend",Stack Overflow (public Q&A for anyone who codes);Stack Exchange (public Q&A for a variety of topics);Stack Overflow Jobs (for job seekers),Visit Stack Overflow;Watch help / tutorial videos;Do other work and come back later,MacOS,10 to 19 employees,,Android;Docker;Google Cloud Platform;Heroku;Linux;MacOS,I have some influence,Straight / Heterosexual,Yes,Neutral,I have never participated in Q&A on Stack Overflow,Daily or almost daily,Easy,Appropriate in length,No,"Computer science, computer engineering, or software engineering",Ruby on Rails;Vue.js,Angular.js;ASP.NET Core;Express;React.js,Just as welcome now as I felt last year,40.0,6,2
15042,I am a developer by profession,Yes,24.0,18,Monthly,10000.0,3756.0,Ethiopia,Ethiopian birr,ETB,DynamoDB;Firebase;MariaDB;PostgreSQL;Redis;SQLite,Firebase;MariaDB;MongoDB;SQLite,"Developer, back-end;Developer, desktop or enterprise applications;Developer, front-end;Developer, mobile","Bachelor’s degree (B.A., B.S., B.Eng., etc.)",Employed full-time,Black or of African descent,Man,Financial performance or funding status of the company or organization;Office environment or company culture;Opportunities for professional development,Slightly satisfied,"I’m not actively looking, but I am open to new opportunities",C#;Dart;Java;JavaScript;Kotlin;Scala;SQL,Java;JavaScript;Kotlin;PHP;SQL,.NET;.NET Core;Flutter;React Native,React Native,Jira;Github;Gitlab;Slack;Trello,Jira;Github;Slack;Trello,Yes,Somewhat important,Very important,Curious about other opportunities;Better compensation;Trouble with leadership at my company;Better work/life balance,"Read company media, such as employee blogs or company culture videos",Every few months,Yes,No,Yes,Often: 1-2 days per week or more,Ask developers I know/work with;Visit developer communities like Stack Overflow,"Hello, old friend",Stack Overflow (public Q&A for anyone who codes);Stack Exchange (public Q&A for a variety of topics),Meditate;Visit Stack Overflow;Watch help / tutorial videos;Do other work and come back later,Windows,2 to 9 employees,Android;AWS;Google Cloud Platform;Heroku;Microsoft Azure;Windows;WordPress,Android,I have some influence,,Yes,"Yes, somewhat",Less than once per month or monthly,Multiple times per day,Easy,Appropriate in length,No,"Computer science, computer engineering, or software engineering",Angular;ASP.NET;ASP.NET Core;React.js;Spring,Express,Just as welcome now as I felt last year,40.0,7,3
16019,I am a student who is learning to code,Yes,22.0,20,,,,Ethiopia,,,Firebase;Microsoft SQL Server;Oracle,MySQL;SQLite,,Some college/university study without earning a degree,Student,Black or of African descent,Man,Industry that I’d be working in;Diversity of the company or organization;Office environment or company culture,,I am actively looking for a job,HTML/CSS;Java;PHP;Python;SQL,Assembly;C;Java;SQL,Unity 3D,,"Github;Google Suite (Docs, Meet, etc)",,,,,,,Every few months,,,No,,Start a free trial,Amused,Stack Overflow Jobs (for job seekers),Call a coworker or friend;Watch help / tutorial videos,Linux-based,,Android;Google Cloud Platform;Linux,,,Bisexual,,,,,Neither easy nor difficult,Appropriate in length,No,"Computer science, computer engineering, or software engineering",Angular;Spring,,,,2,
16244,I am a student who is learning to code,Yes,22.0,19,,,,Ethiopia,,,,,"Designer;Developer, back-end;Developer, desktop or enterprise applications;Developer, front-end;Scientist","Secondary school (e.g. American high school, German Realschule or Gymnasium, etc.)","Not employed, but looking for work",Black or of African descent,Woman;Man,"Flex time or a flexible schedule;Languages, frameworks, and other technologies I’d be working with;Remote work options",,"I’m not actively looking, but I am open to new opportunities",C#;JavaScript;Kotlin;Python;Swift,C#;HTML/CSS;JavaScript;PHP;Python,Pandas;Torch/PyTorch;Unity 3D;Unreal Engine;Xamarin,.NET;.NET Core;Pandas,,,,,,,,Once every few years,Yes,,Yes,,Ask developers I know/work with;Visit developer communities like Stack Overflow;Read ratings or reviews on third party sites like G2Crowd;Research companies that have advertised on sites I visit;Research companies that have emailed me,"Hello, old friend",Stack Overflow (public Q&A for anyone who codes),Meditate;Play games;Call a coworker or friend;Visit Stack Overflow;Go for a walk or other physical activity;Panic;Watch help / tutorial videos;Do other work and come back later;Visit another developer community (please name):,Windows,,Android;iOS;Linux;MacOS;Windows,Windows,,Straight / Heterosexual,Yes,"No, not really",I have never participated in Q&A on Stack Overflow,Less than once per month or monthly,Easy,Appropriate in length,No,,,,,,4,
16291,I am a developer by profession,No,23.0,18,Monthly,3000.0,1128.0,Ethiopia,Ethiopian birr,ETB,MySQL;SQLite,DynamoDB;MySQL;SQLite,"Developer, back-end;Developer, desktop or enterprise applications;Developer, front-end;Developer, full-stack;Developer, mobile","Bachelor’s degree (B.A., B.S., B.Eng., etc.)","Independent contractor, freelancer, or self-employed",Black or of African descent,Man,Remote work options;How widely used or impactful my work output would be;Opportunities for professional development,Very dissatisfied,I am not interested in new job opportunities,Go;HTML/CSS;JavaScript;TypeScript,HTML/CSS;JavaScript;PHP;TypeScript,Node.js;TensorFlow,Node.js,Github;Trello,Github;Slack;Trello,,,Fairly important,Better compensation,,Every few months,No,,No,Sometimes: 1-2 days per month but less than weekly,Ask developers I know/work with;Visit developer communities like Stack Overflow,Indifferent,Stack Overflow (public Q&A for anyone who codes),Visit Stack Overflow;Go for a walk or other physical activity;Panic,Windows,"Just me - I am a freelancer, sole proprietor, etc.",Android;AWS;Docker;Heroku;Windows,Android;Heroku;Windows;WordPress,,Straight / Heterosexual,Yes,"No, not really",Less than once per month or monthly,A few times per week,Neither easy nor difficult,Appropriate in length,No,"Information systems, information technology, or system administration",Angular;Laravel,Angular;Laravel,Somewhat more welcome now than last year,30.0,5,2
18005,I am a developer by profession,Yes,37.0,20,Yearly,691200.0,21614.0,Ethiopia,Ethiopian birr,ETB,Elasticsearch;Firebase;MongoDB;Redis,MongoDB;MySQL,"Developer, back-end;Developer, front-end;Developer, full-stack","Bachelor’s degree (B.A., B.S., B.Eng., etc.)",Employed full-time,Black or of African descent,Man,"Languages, frameworks, and other technologies I’d be working with;Remote work options;Opportunities for professional development",Very dissatisfied,I am actively looking for a job,HTML/CSS;JavaScript;Python;Ruby,HTML/CSS;JavaScript;PHP,Ansible;Flutter;Node.js;React Native;TensorFlow,Node.js,"Github;Gitlab;Slack;Google Suite (Docs, Meet, etc)","Jira;Github;Gitlab;Slack;Google Suite (Docs, Meet, etc)",Yes,Extremely important,Critically important,Better compensation;Wanting to work with new technologies;Growth or leadership opportunities;Looking to relocate,"Read company media, such as employee blogs or company culture videos;Company reviews from third party sites (e.g. Glassdoor, Blind);Personal network - friends or family;Read other media like news articles, founder profiles, etc. about the company",Every few months,Yes,Yes,Yes,Often: 1-2 days per week or more,Start a free trial;Ask developers I know/work with;Read ratings or reviews on third party sites like G2Crowd;Research companies that have emailed me,"Hello, old friend",Stack Overflow (public Q&A for anyone who codes);Stack Exchange (public Q&A for a variety of topics);Stack Overflow Jobs (for job seekers),Visit Stack Overflow;Go for a walk or other physical activity;Watch help / tutorial videos,MacOS,20 to 99 employees,AWS;Docker;Google Cloud Platform;Heroku;iOS;Kubernetes;Linux;MacOS,Docker;Heroku;Linux;MacOS,I have some influence,Straight / Heterosexual,Yes,"Yes, somewhat",A few times per month or weekly,Multiple times per day,Easy,Appropriate in length,No,"Computer science, computer engineering, or software engineering",Drupal;Express;Gatsby;React.js;Ruby on Rails;Vue.js,Angular;Drupal;Express;Gatsby;React.js,Just as welcome now as I felt last year,40.0,18,14
18597,I am a student who is learning to code,No,22.0,19,,,,Ethiopia,,,Firebase;MariaDB;Microsoft SQL Server;MongoDB;MySQL;PostgreSQL,Firebase;MySQL,"Developer, desktop or enterprise applications;Developer, front-end;Developer, full-stack;Developer, mobile;Developer, QA or test;Marketing or sales professional","Bachelor’s degree (B.A., B.S., B.Eng., etc.)",Employed part-time,Black or of African descent;Middle Eastern,Man,Industry that I’d be working in;Remote work options;Office environment or company culture,,I am actively looking for a job,Dart;Java;JavaScript;Kotlin;Python;SQL;TypeScript,C++;HTML/CSS;Java;JavaScript,Flutter;Hadoop;Keras;Node.js;TensorFlow,Flutter,"Github;Gitlab;Facebook Workplace;Slack;Microsoft Teams;Microsoft Azure;Trello;Google Suite (Docs, Meet, etc);Stack Overflow for Teams","Github;Gitlab;Slack;Google Suite (Docs, Meet, etc)",,,,,,Every few months,No,,Yes,,Start a free trial;Ask developers I know/work with;Visit developer communities like Stack Overflow,"Hello, old friend",Stack Overflow (public Q&A for anyone who codes);Stack Exchange (public Q&A for a variety of topics);Stack Overflow Jobs (for job seekers);Stack Overflow for Teams (private Q&A for organizations),Call a coworker or friend;Visit Stack Overflow;Go for a walk or other physical activity;Watch help / tutorial videos;Do other work and come back later,Windows,,Android;AWS;Docker;Google Cloud Platform;Heroku;Linux;Microsoft Azure;Windows;WordPress,Android;Google Cloud Platform;Windows;WordPress,,,Yes,"No, not really",I have never participated in Q&A on Stack Overflow,A few times per month or weekly,Neither easy nor difficult,Too long,No,"Computer science, computer engineering, or software engineering",Flask;Laravel;Vue.js,Laravel;Vue.js,Somewhat more welcome now than last year,,4,
20845,I am a developer by profession,Yes,,16,Monthly,,,Ethiopia,Ethiopian birr,ETB,Elasticsearch;MariaDB;Microsoft SQL Server;MongoDB;MySQL;Oracle;PostgreSQL;Redis;SQLite,MariaDB;Microsoft SQL Server;MySQL;Oracle;PostgreSQL;SQLite,"Database administrator;Developer, back-end;Developer, desktop or enterprise applications;Developer, full-stack;Engineering manager","Master’s degree (M.A., M.S., M.Eng., MBA, etc.)",Employed full-time,Black or of African descent,,Remote work options;Office environment or company culture;Opportunities for professional development,Neither satisfied nor dissatisfied,I am actively looking for a job,C#;HTML/CSS;Java;JavaScript;PHP;Python;SQL,C#;HTML/CSS;Java;JavaScript;PHP;Python;SQL,Apache Spark;Hadoop;Keras;Node.js;Pandas;React Native;TensorFlow;Torch/PyTorch,,"Jira;Github;Gitlab;Trello;Google Suite (Docs, Meet, etc);Stack Overflow for Teams","Jira;Github;Gitlab;Slack;Trello;Google Suite (Docs, Meet, etc);Stack Overflow for Teams",No,Extremely important,Fairly important,Trouble with leadership at my company;Wanting to work with new technologies;Growth or leadership opportunities,"Read company media, such as employee blogs or company culture videos;Read other media like news articles, founder profiles, etc. about the company",Every few months,Not sure,No,No,Sometimes: 1-2 days per month but less than weekly,,"Hello, old friend",Stack Overflow (public Q&A for anyone who codes);Stack Exchange (public Q&A for a variety of topics);Stack Overflow Jobs (for job seekers),Meditate;Play games;Visit Stack Overflow;Go for a walk or other physical activity;Watch help / tutorial videos;Do other work and come back later,Linux-based,20 to 99 employees,Android;Docker;Linux;Windows;WordPress,Android;Heroku;IBM Cloud or Watson;Kubernetes;Linux;Windows;WordPress,I have little or no influence,,Yes,"Yes, somewhat",A few times per week,Multiple times per day,Neither easy nor difficult,Appropriate in length,,"Computer science, computer engineering, or software engineering",Angular;jQuery;React.js;Spring;Vue.js,jQuery;Spring,Somewhat more welcome now than last year,40.0,14,10
22551,I am a developer by profession,Yes,,15,Monthly,244.0,2928.0,Ethiopia,United States dollar,USD,Couchbase;Elasticsearch;MySQL;Oracle;PostgreSQL,MySQL,"Developer, back-end;Developer, desktop or enterprise applications;Developer, mobile","Bachelor’s degree (B.A., B.S., B.Eng., etc.)","Independent contractor, freelancer, or self-employed",Black or of African descent,Man,"Languages, frameworks, and other technologies I’d be working with;Remote work options;Opportunities for professional development",Very satisfied,"I’m not actively looking, but I am open to new opportunities",Bash/Shell/PowerShell;HTML/CSS;Java;JavaScript;Kotlin;Python;SQL;Swift,HTML/CSS;Java;Python;SQL;Swift,Apache Spark;Flutter;TensorFlow;Torch/PyTorch,,"Github;Gitlab;Slack;Trello;Google Suite (Docs, Meet, etc)","Github;Gitlab;Slack;Trello;Google Suite (Docs, Meet, etc)",No,Neutral,Somewhat important,Curious about other opportunities;Better compensation;Trouble with my teammates;Trouble with leadership at my company;Better work/life balance;Wanting to work with new technologies;Growth or leadership opportunities;Looking to relocate,"Read company media, such as employee blogs or company culture videos;Company reviews from third party sites (e.g. Glassdoor, Blind);Personal network - friends or family;Read other media like news articles, founder profiles, etc. about the company",Once a year,Not sure,Onboarding? What onboarding?,Yes,Often: 1-2 days per week or more,Ask developers I know/work with,Amused,Stack Overflow (public Q&A for anyone who codes);Stack Exchange (public Q&A for a variety of topics);Stack Overflow Jobs (for job seekers),Call a coworker or friend;Visit Stack Overflow;Go for a walk or other physical activity;Panic;Watch help / tutorial videos;Do other work and come back later,Linux-based,"Just me - I am a freelancer, sole proprietor, etc.",Android;Arduino;AWS;Docker;Google Cloud Platform;Heroku;iOS;Kubernetes;Linux;Microsoft Azure;Raspberry Pi;Slack Apps and Integrations;Windows,Android;Linux;Raspberry Pi;Windows,,Straight / Heterosexual,Yes,"Yes, somewhat",A few times per month or weekly,Multiple times per day,Easy,Too long,No,"Computer science, computer engineering, or software engineering",Django;Flask;jQuery;Spring;Vue.js,Django;jQuery,Somewhat more welcome now than last year,70.0,9,2
23481,I am a developer by profession,Yes,21.0,14,,,,Ethiopia,,,Firebase;MySQL;PostgreSQL;Redis,Firebase;Microsoft SQL Server;MongoDB;MySQL;PostgreSQL;Redis,,"Bachelor’s degree (B.A., B.S., B.Eng., etc.)",Student,Black or of African descent,Man,"Languages, frameworks, and other technologies I’d be working with;Remote work options;Office environment or company culture",,"I’m not actively looking, but I am open to new opportunities",C++;Dart;Go;Java;JavaScript;SQL;TypeScript,C;C++;Dart;Java;JavaScript;Kotlin;PHP;SQL;TypeScript,Flutter;Node.js,Flutter;Node.js;React Native,"Jira;Github;Slack;Trello;Google Suite (Docs, Meet, etc)","Jira;Github;Gitlab;Slack;Trello;Google Suite (Docs, Meet, etc)",,,,Wanting to share accomplishments with a wider network;Curious about other opportunities;Better compensation;Trouble with leadership at my company;Better work/life balance;Wanting to work with new technologies,"Read company media, such as employee blogs or company culture videos;Publicly available financial information (e.g. Crunchbase);Personal network - friends or family;Directly asking current or past employees at the company",Once a year,Not sure,,Yes,,Ask developers I know/work with;Visit developer communities like Stack Overflow;Research companies that have advertised on sites I visit,Annoyed,Stack Overflow (public Q&A for anyone who codes);Stack Exchange (public Q&A for a variety of topics);Stack Overflow Jobs (for job seekers),Visit Stack Overflow;Go for a walk or other physical activity;Do other work and come back later;Visit another developer community (please name):,Windows,,Android;Heroku;Linux;Windows,Android;Heroku;Linux;Windows,,Straight / Heterosexual,Yes,"No, not really",I have never participated in Q&A on Stack Overflow,Daily or almost daily,Neither easy nor difficult,Appropriate in length,No,"Computer science, computer engineering, or software engineering",Express;Gatsby;React.js,Express;jQuery;React.js;Vue.js,Just as welcome now as I felt last year,,7,
27309,I am a student who is learning to code,Yes,27.0,21,,,,Ethiopia,,,Firebase;Microsoft SQL Server;SQLite,,Academic researcher;Educator,"Master’s degree (M.A., M.S., M.Eng., MBA, etc.)",Employed full-time,Black or of African descent,Man,"Languages, frameworks, and other technologies I’d be working with;Financial performance or funding status of the company or organization;Opportunities for professional development",,I am actively looking for a job,Bash/Shell/PowerShell;C++;Go;Java;JavaScript,,.NET;.NET Core;Cordova;React Native;Torch/PyTorch,,"Confluence;Github;Gitlab;Facebook Workplace;Microsoft Teams;Microsoft Azure;Google Suite (Docs, Meet, etc);Stack Overflow for Teams",,,,,,,Once every few years,,,No,,Start a free trial;Ask developers I know/work with;Visit developer communities like Stack Overflow;Read ratings or reviews on third party sites like G2Crowd,Amused,Stack Overflow Jobs (for job seekers);Stack Overflow Talent (for hiring companies/recruiters);Stack Overflow Advertising (for technology companies),Play games;Visit Stack Overflow;Go for a walk or other physical activity;Do other work and come back later,Linux-based,,Android;Google Cloud Platform;Microsoft Azure;Windows,Android;Windows,,Bisexual,,,,,Easy,Appropriate in length,No,"A social science (such as anthropology, psychology, political science, etc.)",Angular;ASP.NET Core;Express;Spring,,,,3,
29597,"I used to be a developer by profession, but no longer am",No,18.0,14,,,,Ethiopia,,,,,,"Secondary school (e.g. American high school, German Realschule or Gymnasium, etc.)",Student,Black or of African descent,Man,,,,,,,,,,,,,,,Every few months,Not sure,,No,,,Annoyed,Stack Overflow (public Q&A for anyone who codes);Stack Exchange (public Q&A for a variety of topics);Stack Overflow Jobs (for job seekers);Stack Overflow for Teams (private Q&A for organizations);Stack Overflow Advertising (for technology companies),Visit Stack Overflow,,,,,,Straight / Heterosexual,Yes,"Yes, somewhat",Less than once per month or monthly,Less than once per month or monthly,Neither easy nor difficult,Appropriate in length,No,,,,Not applicable - I did not use Stack Overflow last year,,4,
30903,I am a developer by profession,Yes,30.0,18,Monthly,20000.0,7500.0,Ethiopia,Ethiopian birr,ETB,Firebase;MongoDB;PostgreSQL,Microsoft SQL Server;MongoDB;MySQL;PostgreSQL;SQLite,"Data or business analyst;Database administrator;Developer, back-end;Developer, front-end;Developer, full-stack;System administrator","Bachelor’s degree (B.A., B.S., B.Eng., etc.)",Employed full-time,Black or of African descent,Man,Financial performance or funding status of the company or organization;How widely used or impactful my work output would be;Opportunities for professional development,Very dissatisfied,I am actively looking for a job,C#;JavaScript;Python;TypeScript,C#;HTML/CSS;JavaScript;SQL,.NET Core;Node.js;React Native;TensorFlow,.NET;.NET Core;Node.js,"Confluence;Jira;Github;Gitlab;Slack;Trello;Google Suite (Docs, Meet, etc);Stack Overflow for Teams","Confluence;Jira;Github;Gitlab;Slack;Trello;Google Suite (Docs, Meet, etc)",Yes,Extremely important,Very important,Having a bad day (or week or month) at work;Curious about other opportunities;Better compensation;Better work/life balance;Wanting to work with new technologies;Growth or leadership opportunities;Looking to relocate,"Read company media, such as employee blogs or company culture videos;Company reviews from third party sites (e.g. Glassdoor, Blind);Personal network - friends or family",Every few months,No,No,Yes,Occasionally: 1-2 days per quarter but less than monthly,Start a free trial;Ask developers I know/work with;Visit developer communities like Stack Overflow,"Hello, old friend",Stack Overflow (public Q&A for anyone who codes);Stack Exchange (public Q&A for a variety of topics);Stack Overflow Jobs (for job seekers),Play games;Call a coworker or friend;Visit Stack Overflow;Watch help / tutorial videos,Windows,20 to 99 employees,Docker;Google Cloud Platform;Heroku;Linux;Slack Apps and Integrations,Docker;Linux;Microsoft Azure;Slack Apps and Integrations;Windows;WordPress,I have some influence,Straight / Heterosexual,Yes,"Yes, somewhat",Less than once per month or monthly,A few times per week,Easy,Appropriate in length,No,"Computer science, computer engineering, or software engineering",Angular;ASP.NET Core;Flask;Gatsby;React.js;Vue.js,Angular.js;ASP.NET,Just as welcome now as I felt last year,40.0,8,5
31276,I am a student who is learning to code,Yes,21.0,18,,,,Ethiopia,,,Firebase;MongoDB,MySQL,"Developer, front-end",Some college/university study without earning a degree,"Not employed, but looking for work",Black or of African descent,Man,"Languages, frameworks, and other technologies I’d be working with",,"I’m not actively looking, but I am open to new opportunities",C#;Dart;Python,Bash/Shell/PowerShell;C;C++;HTML/CSS;Java;JavaScript;PHP;SQL,.NET;Flutter;Node.js;React Native;TensorFlow,,,,,,,,,Every few months,,,No,,Start a free trial,"Hello, old friend",Stack Overflow (public Q&A for anyone who codes),Watch help / tutorial videos,Windows,,Android;Heroku;iOS;MacOS,Linux;Windows,,Straight / Heterosexual,Yes,"Yes, somewhat",Less than once per month or monthly,A few times per month or weekly,Easy,Too long,No,"Computer science, computer engineering, or software engineering",ASP.NET;Express;Laravel;Spring;Vue.js,React.js,Just as welcome now as I felt last year,,3,
32410,I am a developer by profession,Yes,,15,,,,Ethiopia,Ethiopian birr,ETB,Firebase;MongoDB;MySQL;Oracle;PostgreSQL;SQLite,Firebase;MySQL,"Developer, back-end;Developer, front-end;Developer, full-stack;Developer, mobile","Bachelor’s degree (B.A., B.S., B.Eng., etc.)",Employed part-time,Black or of African descent,Man,"Languages, frameworks, and other technologies I’d be working with;Office environment or company culture;Opportunities for professional development",Neither satisfied nor dissatisfied,I am actively looking for a job,Bash/Shell/PowerShell;C#;Dart;HTML/CSS;JavaScript;PHP;Python;SQL;TypeScript,Bash/Shell/PowerShell;Dart;HTML/CSS;Java;JavaScript;PHP;Python;SQL;TypeScript,Flutter;Node.js;TensorFlow;Unity 3D,Flutter;Node.js;Unity 3D,Github;Gitlab,Github,,,Fairly important,Having a bad day (or week or month) at work;Better compensation;Growth or leadership opportunities,"Read other media like news articles, founder profiles, etc. about the company",Every few months,Not sure,,Yes,,Visit developer communities like Stack Overflow,Indifferent,Stack Overflow (public Q&A for anyone who codes);Stack Exchange (public Q&A for a variety of topics),Visit Stack Overflow,MacOS,"Just me - I am a freelancer, sole proprietor, etc.",Android;Docker;Heroku;iOS;Linux;MacOS,Android;Docker;Heroku;iOS;Linux;MacOS,I have some influence,,Yes,"Yes, somewhat",Less than once per month or monthly,A few times per month or weekly,Easy,Appropriate in length,,"Computer science, computer engineering, or software engineering",Angular.js;Django;jQuery;Laravel;React.js;Vue.js,jQuery;Laravel;Vue.js,,,7,Less than 1 year
38886,"I am not primarily a developer, but I write code sometimes as part of my work",Yes,,,,,,Ethiopia,,,,,,,Employed full-time,,,,,,,,,,,,,,,,,,,,Yes,,,,Stack Overflow (public Q&A for anyone who codes),,,,,,,,Yes,"Yes, definitely",A few times per month or weekly,Daily or almost daily,,,,,,,,,,
39165,I am a student who is learning to code,Yes,,,,,,Ethiopia,,,DynamoDB,Cassandra;MySQL;Oracle;PostgreSQL;SQLite,,,Employed full-time,,,,,,Scala,Bash/Shell/PowerShell;C;C#;C++;HTML/CSS;Java;JavaScript;Kotlin;PHP;SQL;VBA,,,,,,,,,,Every few months,,,,,,,,,,,,Android;AWS;Linux;Microsoft Azure;Windows,,,,,,,,,,,,,,,,
42087,I code primarily as a hobby,Yes,,,,,,Ethiopia,,,,,,,"Not employed, but looking for work",,,,,,,,,,,,,,,,,,No,,No,,,,Stack Overflow (public Q&A for anyone who codes);Stack Exchange (public Q&A for a variety of topics),,,,,,,,Yes,Not sure,A few times per month or weekly,Multiple times per day,,,,,,,Somewhat more welcome now than last year,,,
42153,I am a developer by profession,Yes,,,,,,Ethiopia,,,MySQL;PostgreSQL,MySQL;PostgreSQL,,,Employed full-time,,,,,,C++;HTML/CSS;JavaScript;PHP;SQL,C++;HTML/CSS;JavaScript;PHP;SQL,,,,,,,,,,Every few months,,,Yes,,Start a free trial;Ask developers I know/work with;Visit developer communities like Stack Overflow;Read ratings or reviews on third party sites like G2Crowd;Research companies that have advertised on sites I visit;Research companies that have emailed me,,Stack Overflow (public Q&A for anyone who codes);Stack Overflow Advertising (for technology companies),Visit Stack Overflow;Go for a walk or other physical activity;Watch help / tutorial videos;Do other work and come back later,Windows,,Linux;Windows,Linux;Windows,,,,,,I have never visited Stack Overflow (before today),,,,,jQuery;Laravel,jQuery;Laravel,A lot more welcome now than last year,,,
42413,I code primarily as a hobby,Yes,,,,,,Ethiopia,,,,,,,Student,,,,,,,,,,,,,,,,,Every few months,,,,,,,,,,,,,,,,,,,,,,,,,,,,
42426,I code primarily as a hobby,Yes,,,,,,Ethiopia,,,,,,,Student,,,,,,,,,,,,,,,,,Every few months,Yes,,No,,,,Stack Overflow (public Q&A for anyone who codes),,,,,,,,Yes,"Yes, somewhat",I have never participated in Q&A on Stack Overflow,Daily or almost daily,,,,,,,Somewhat more welcome now than last year,,,
42841,I am a developer by profession,Yes,,,,,,Ethiopia,,,,,,Primary/elementary school,Employed full-time,,,,,,,,,,,,,,Very important,,,,,,,,,,,,,,,,,,,,,,,,,,,,,,,
43983,I am a student who is learning to code,Yes,,12,,,,Ethiopia,,,,MySQL;SQLite,,"Secondary school (e.g. American high school, German Realschule or Gymnasium, etc.)",Student,,,"Languages, frameworks, and other technologies I’d be working with;Financial performance or funding status of the company or organization;Office environment or company culture",,"I’m not actively looking, but I am open to new opportunities",,C++;HTML/CSS;Java;JavaScript;PHP;Python,,,,Github,,,,,,Every few months,Not sure,,No,,,Indifferent,Stack Overflow (public Q&A for anyone who codes),,Windows,,,Android,,,No,"No, not really",,Daily or almost daily,,,,,,React.js;Vue.js,Just as welcome now as I felt last year,,6,
45536,I am a student who is learning to code,Yes,20.0,12,,,,Ethiopia,,,MongoDB,MySQL,,"Secondary school (e.g. American high school, German Realschule or Gymnasium, etc.)","Not employed, and not looking for work",Black or of African descent,Man,,,,Go;Python,Python,Node.js,Unity 3D,Github;Gitlab;Trello,,,,,,,Once a year,Not sure,,Yes,,Read ratings or reviews on third party sites like G2Crowd,Annoyed,Stack Overflow (public Q&A for anyone who codes);Stack Exchange (public Q&A for a variety of topics),Visit Stack Overflow;Go for a walk or other physical activity;Panic;Watch help / tutorial videos,Linux-based,,Docker;Linux,Linux,,Straight / Heterosexual,Not sure/can't remember,Neutral,,A few times per week,Easy,Appropriate in length,No,,Django;Laravel;Vue.js,Django,Somewhat more welcome now than last year,,5,
47064,I am a developer by profession,Yes,23.0,22,,,,Ethiopia,,,PostgreSQL;Redis,MongoDB;MySQL;PostgreSQL;Redis,"Developer, full-stack","Bachelor’s degree (B.A., B.S., B.Eng., etc.)","Not employed, but looking for work",Black or of African descent,Man,Industry that I’d be working in;How widely used or impactful my work output would be;Office environment or company culture,,I am actively looking for a job,Bash/Shell/PowerShell;HTML/CSS;JavaScript;Kotlin;Python;SQL,Bash/Shell/PowerShell;HTML/CSS;JavaScript;SQL,Node.js;React Native;TensorFlow,Node.js;React Native,"Github;Slack;Google Suite (Docs, Meet, etc)","Github;Slack;Trello;Google Suite (Docs, Meet, etc)",,,Fairly important,Better work/life balance;Wanting to work with new technologies;Growth or leadership opportunities,,Every few months,,,No,,Ask developers I know/work with,Amused,Stack Overflow (public Q&A for anyone who codes),Call a coworker or friend;Visit Stack Overflow;Watch help / tutorial videos,MacOS,,Google Cloud Platform;iOS;MacOS,Google Cloud Platform;Heroku;iOS;MacOS,,Straight / Heterosexual,Yes,"No, not really",A few times per week,Daily or almost daily,Neither easy nor difficult,Too long,No,"A humanities discipline (such as literature, history, philosophy, etc.)",Express;React.js,Angular;Express;React.js,,,Less than 1 year,
50325,I am a developer by profession,Yes,23.0,15,Monthly,6600.0,2472.0,Ethiopia,Ethiopian birr,ETB,Microsoft SQL Server;MongoDB,Microsoft SQL Server;MongoDB;MySQL;Oracle,"Developer, back-end;Developer, desktop or enterprise applications;Developer, front-end;Developer, full-stack","Bachelor’s degree (B.A., B.S., B.Eng., etc.)",Employed full-time,Black or of African descent,Man,Flex time or a flexible schedule;Specific department or team I’d be working on;How widely used or impactful my work output would be,Slightly satisfied,"I’m not actively looking, but I am open to new opportunities",C#;HTML/CSS;JavaScript;TypeScript,C#;HTML/CSS;JavaScript;Python,.NET;.NET Core;Node.js;TensorFlow;Unity 3D;Unreal Engine,.NET;.NET Core;Node.js,"Github;Trello;Google Suite (Docs, Meet, etc)","Github;Slack;Trello;Google Suite (Docs, Meet, etc)",No,Extremely important,Fairly important,Just because;Better compensation;Better work/life balance;Wanting to work with new technologies,"Read company media, such as employee blogs or company culture videos;Personal network - friends or family;Directly asking current or past employees at the company",Every few months,No,No,No,Rarely: 1-2 days per year or less,,Amused,Stack Overflow (public Q&A for anyone who codes),Visit Stack Overflow;Watch help / tutorial videos,Windows,2 to 9 employees,Android;Heroku;Linux;Windows,Android;Heroku;Linux;Windows,I have little or no influence,Straight / Heterosexual,Yes,"Yes, somewhat",I have never participated in Q&A on Stack Overflow,Daily or almost daily,Easy,Appropriate in length,No,"Computer science, computer engineering, or software engineering",ASP.NET;ASP.NET Core;Express;React.js;Vue.js,ASP.NET;ASP.NET Core;Express;Vue.js,Just as welcome now as I felt last year,40.0,8,2
50360,I am a developer by profession,Yes,,18,,,,Ethiopia,,,MongoDB;MySQL,Firebase;Microsoft SQL Server;Oracle;PostgreSQL;Redis;SQLite,,"Bachelor’s degree (B.A., B.S., B.Eng., etc.)",Student,,,Industry that I’d be working in;How widely used or impactful my work output would be;Office environment or company culture,,I am actively looking for a job,Bash/Shell/PowerShell;C++;Dart;Go;HTML/CSS;Java;JavaScript;Python;R;SQL;TypeScript,C;C#,,Node.js;React Native,,Github;Gitlab;Slack;Microsoft Teams;Trello,,,,Curious about other opportunities;Better compensation;Better work/life balance;Wanting to work with new technologies;Looking to relocate,"Read company media, such as employee blogs or company culture videos;Company reviews from third party sites (e.g. Glassdoor, Blind);Publicly available financial information (e.g. Crunchbase);Read other media like news articles, founder profiles, etc. about the company",Once a year,No,,Yes,,Ask developers I know/work with;Visit developer communities like Stack Overflow;Read ratings or reviews on third party sites like G2Crowd,"Hello, old friend",Stack Overflow (public Q&A for anyone who codes);Stack Exchange (public Q&A for a variety of topics);Stack Overflow Jobs (for job seekers),Visit Stack Overflow;Do other work and come back later,MacOS,,AWS;IBM Cloud or Watson;Microsoft Azure,Android;Docker;Google Cloud Platform;Heroku;iOS;Linux;MacOS;WordPress,,,Yes,"Yes, somewhat",A few times per month or weekly,Multiple times per day,Neither easy nor difficult,Appropriate in length,,"Computer science, computer engineering, or software engineering",,Angular;Angular.js;Express;jQuery;React.js;Vue.js,A lot more welcome now than last year,,5,
50585,I am a student who is learning to code,No,21.0,18,,,,Ethiopia,,,MongoDB,MongoDB;MySQL,,"Secondary school (e.g. American high school, German Realschule or Gymnasium, etc.)",Student,,Man,"Flex time or a flexible schedule;Languages, frameworks, and other technologies I’d be working with;Opportunities for professional development",,I am actively looking for a job,JavaScript,C;C++;HTML/CSS;JavaScript;PHP;SQL,Node.js;React Native,,Github;Gitlab,Facebook Workplace,,,,,,,,,Yes,,Start a free trial;Ask developers I know/work with;Visit developer communities like Stack Overflow,,Stack Overflow (public Q&A for anyone who codes),,Windows,,,Windows,,,Yes,"Yes, somewhat",I have never participated in Q&A on Stack Overflow,Daily or almost daily,Neither easy nor difficult,Too long,,,Express;React.js;Vue.js,ASP.NET,,,3,
55481,I am a developer by profession,Yes,24.0,19,Monthly,10000.0,3756.0,Ethiopia,Ethiopian birr,ETB,MariaDB;Microsoft SQL Server;MongoDB;MySQL;Oracle;PostgreSQL;SQLite,MySQL;Oracle;SQLite,"Developer, back-end;Developer, front-end;Educator;System administrator","Bachelor’s degree (B.A., B.S., B.Eng., etc.)",Employed full-time,Black or of African descent,Man,"Languages, frameworks, and other technologies I’d be working with;Financial performance or funding status of the company or organization;Opportunities for professional development",Neither satisfied nor dissatisfied,I am actively looking for a job,C#;C++;Dart;HTML/CSS;Java;JavaScript;Perl;PHP;Python;Ruby;Rust;SQL,C++;HTML/CSS;Java;JavaScript;PHP;Python;SQL,.NET;Apache Spark;Flutter;Node.js;React Native;Unity 3D,Apache Spark,Github;Stack Overflow for Teams,Github;Stack Overflow for Teams,Not sure,Somewhat important,Critically important,Better work/life balance,"Company reviews from third party sites (e.g. Glassdoor, Blind);Publicly available financial information (e.g. Crunchbase);Personal network - friends or family;Directly asking current or past employees at the company",Once a year,No,Yes,No,Sometimes: 1-2 days per month but less than weekly,,Annoyed,Stack Overflow (public Q&A for anyone who codes);Stack Exchange (public Q&A for a variety of topics);Stack Overflow Jobs (for job seekers),Visit Stack Overflow;Watch help / tutorial videos,Windows,100 to 499 employees,Android;Google Cloud Platform;iOS;Linux;MacOS;WordPress,Windows;WordPress,I have little or no influence,,Yes,Neutral,Less than once per month or monthly,Daily or almost daily,Easy,Appropriate in length,No,"Computer science, computer engineering, or software engineering",Angular;Angular.js;ASP.NET;ASP.NET Core;Django;Flask;jQuery;React.js;Ruby on Rails;Spring,jQuery;Laravel,Just as welcome now as I felt last year,48.0,5,1
55498,I am a developer by profession,No,19.0,16,Monthly,30000.0,11256.0,Ethiopia,Ethiopian birr,ETB,MongoDB,MySQL,"Developer, back-end;Developer, full-stack",Some college/university study without earning a degree,"Independent contractor, freelancer, or self-employed",Black or of African descent,Man,Diversity of the company or organization;Flex time or a flexible schedule;Family friendliness,Very satisfied,I am not interested in new job opportunities,Python,HTML/CSS;JavaScript;PHP,Flutter;Pandas;TensorFlow;Torch/PyTorch,,Jira;Stack Overflow for Teams,Github;Slack;Trello,No,Somewhat important,Not at all important/not necessary,Curious about other opportunities;Wanting to work with new technologies,"Read other media like news articles, founder profiles, etc. about the company;Directly asking current or past employees at the company",Once a year,No,Yes,No,Sometimes: 1-2 days per month but less than weekly,Start a free trial,Indifferent,Stack Overflow (public Q&A for anyone who codes);Stack Exchange (public Q&A for a variety of topics),Visit Stack Overflow,Windows,2 to 9 employees,AWS,Windows,,Straight / Heterosexual,Yes,"Yes, somewhat",A few times per month or weekly,A few times per month or weekly,Neither easy nor difficult,Too long,No,Web development or web design,Django,Angular;jQuery;Laravel;Symfony;Vue.js,Somewhat more welcome now than last year,70.0,4,1
55499,"I am not primarily a developer, but I write code sometimes as part of my work",Yes,26.0,13,Monthly,8300.0,3120.0,Ethiopia,Ethiopian birr,ETB,Firebase;SQLite,Firebase;MySQL;SQLite,"Data or business analyst;Developer, back-end;Developer, embedded applications or devices;Developer, front-end;Developer, full-stack;Developer, mobile","Bachelor’s degree (B.A., B.S., B.Eng., etc.)",Employed full-time,Black or of African descent,Man,Remote work options;Office environment or company culture;Opportunities for professional development,Very dissatisfied,"I’m not actively looking, but I am open to new opportunities",Dart;HTML/CSS;Java;Kotlin;PHP;Python;SQL,Assembly;Bash/Shell/PowerShell;C;C++;HTML/CSS;Java;JavaScript;Kotlin;Perl;PHP;Python;SQL,Flutter;TensorFlow,,Github;Slack,Github;Slack,Not sure,Somewhat important,Fairly important,Curious about other opportunities;Better compensation;Better work/life balance;Growth or leadership opportunities,"Read company media, such as employee blogs or company culture videos;Company reviews from third party sites (e.g. Glassdoor, Blind);Personal network - friends or family;Read other media like news articles, founder profiles, etc. about the company;Directly asking current or past employees at the company",Once a year,Not sure,Onboarding? What onboarding?,No,Never,,Annoyed,Stack Overflow (public Q&A for anyone who codes),Visit Stack Overflow;Watch help / tutorial videos;Do other work and come back later,Windows,"5,000 to 9,999 employees",Android;Windows,Android;Arduino;Linux;Windows,I have little or no influence,Straight / Heterosexual,Yes,Neutral,I have never participated in Q&A on Stack Overflow,A few times per week,Easy,Appropriate in length,No,"Another engineering discipline (such as civil, electrical, mechanical, etc.)",Angular;Angular.js,,Just as welcome now as I felt last year,40.0,12,2
55682,I am a student who is learning to code,Yes,24.0,19,,,,Ethiopia,,,Microsoft SQL Server;MySQL;Oracle,Microsoft SQL Server;MySQL;Oracle,"Database administrator;Designer;Developer, back-end;Developer, desktop or enterprise applications;Developer, front-end;Educator;Scientist;System administrator","Bachelor’s degree (B.A., B.S., B.Eng., etc.)","Not employed, but looking for work",Black or of African descent,Man,Industry that I’d be working in;Flex time or a flexible schedule;Opportunities for professional development,,I am actively looking for a job,Assembly;C;C#;HTML/CSS;Java;JavaScript;Perl;PHP;Python;SQL,C;C++;HTML/CSS;Java;JavaScript;PHP;SQL,.NET;.NET Core;Apache Spark,,"Jira;Microsoft Teams;Google Suite (Docs, Meet, etc);Stack Overflow for Teams",,,,,,,Every few months,,,No,,Start a free trial,Indifferent,I have never visited any of these sites,Call a coworker or friend;Visit Stack Overflow;Go for a walk or other physical activity;Watch help / tutorial videos,Windows,,Android;Linux;Windows,,,,,,,,Easy,Appropriate in length,,"Computer science, computer engineering, or software engineering",ASP.NET;Laravel,Angular.js,,,4,
57164,I am a student who is learning to code,Yes,,19,,,,Ethiopia,,,,MySQL;Oracle;PostgreSQL,System administrator,"Master’s degree (M.A., M.S., M.Eng., MBA, etc.)",Employed full-time,Black or of African descent,Man,Remote work options;Financial performance or funding status of the company or organization;Opportunities for professional development,,"I’m not actively looking, but I am open to new opportunities",Python,C++;HTML/CSS;Java;JavaScript;PHP;SQL,,.NET;Node.js,,Stack Overflow for Teams,,,,,,Once a year,,,No,,Start a free trial,Amused,I have never visited any of these sites,Play games;Watch help / tutorial videos;Do other work and come back later,Windows,,,WordPress,,,,,,,Easy,Too long,,"Computer science, computer engineering, or software engineering",Laravel,Angular;Angular.js;Laravel,,,4,
57519,"I used to be a developer by profession, but no longer am",Yes,25.0,19,,,,Ethiopia,,,,MySQL;Oracle,"Developer, back-end","Bachelor’s degree (B.A., B.S., B.Eng., etc.)",Employed full-time,Black or of African descent,Man,,,,,C#;Java,.NET Core,.NET,Github,,,,Very important,,,Every few months,,,No,,Start a free trial;Visit developer communities like Stack Overflow,"Hello, old friend",Stack Overflow Jobs (for job seekers),Visit Stack Overflow;Visit another developer community (please name):,Windows,,,Android;Linux,,,,,,,Neither easy nor difficult,Appropriate in length,No,"Information systems, information technology, or system administration",ASP.NET Core,,,,5,2
58053,I code primarily as a hobby,Yes,22.0,5,,,,Ethiopia,,,Couchbase;Firebase;MongoDB,Elasticsearch,,"Associate degree (A.A., A.S., etc.)",Student,Black or of African descent,Man,,,,C++;Java,Python,Chef,.NET,Facebook Workplace;Slack,Facebook Workplace,,,,,,Once every few years,,,No,,Ask developers I know/work with;Visit developer communities like Stack Overflow,Annoyed,Stack Exchange (public Q&A for a variety of topics);Stack Overflow Jobs (for job seekers);Stack Overflow for Teams (private Q&A for organizations),Visit Stack Overflow;Visit another developer community (please name):,Windows,,Microsoft Azure;Slack Apps and Integrations,Windows,,Bisexual,,,,,Easy,Too short,Yes,"Computer science, computer engineering, or software engineering",Flask,Django,,,Less than 1 year,
58091,I am a developer by profession,No,,26,,,,Ethiopia,,,,,,I never completed any formal education,"Not employed, and not looking for work",,,,,,,Assembly;Bash/Shell/PowerShell;C;C#;C++;Haskell;HTML/CSS;Java;JavaScript;PHP;TypeScript,,.NET;.NET Core,"Google Suite (Docs, Meet, etc);Stack Overflow for Teams","Google Suite (Docs, Meet, etc);Stack Overflow for Teams",,,,,,,,,No,,,Annoyed,Stack Exchange (public Q&A for a variety of topics);Stack Overflow for Teams (private Q&A for organizations);Stack Overflow Talent (for hiring companies/recruiters);Stack Overflow Advertising (for technology companies),,Linux-based,,,Android;Google Cloud Platform;iOS;Linux;MacOS;Windows;WordPress,,,,,,,Difficult,Too long,,,,Angular.js;ASP.NET,,,15,
58339,I am a developer by profession,Yes,,25,Monthly,901340659.0,1000000.0,Ethiopia,Ethiopian birr,ETB,,,,I never completed any formal education,,,Man,"Languages, frameworks, and other technologies I’d be working with;Specific department or team I’d be working on;Family friendliness",Very satisfied,"I’m not actively looking, but I am open to new opportunities",,,TensorFlow,React Native,"Github;Facebook Workplace;Google Suite (Docs, Meet, etc);Stack Overflow for Teams","Github;Facebook Workplace;Google Suite (Docs, Meet, etc);Stack Overflow for Teams",Yes,Extremely important,,Looking to relocate,"Read company media, such as employee blogs or company culture videos;Company reviews from third party sites (e.g. Glassdoor, Blind);Publicly available financial information (e.g. Crunchbase);Personal network - friends or family;Read other media like news articles, founder profiles, etc. about the company;Directly asking current or past employees at the company",Every few months,,Yes,Yes,Occasionally: 1-2 days per quarter but less than monthly,Start a free trial,Annoyed,Stack Overflow Advertising (for technology companies),Watch help / tutorial videos,Windows,"10,000 or more employees",Android;iOS;Linux;MacOS;Windows,Android;iOS;Linux;MacOS;Windows,I have a great deal of influence,,,,,,Easy,Appropriate in length,,,,,,,25,25
58507,I am a developer by profession,Yes,,5,Weekly,,,Ethiopia,Australian dollar,AUD,Cassandra,MongoDB,,Some college/university study without earning a degree,Employed full-time,Black or of African descent,Man,Industry that I’d be working in,Very satisfied,I am actively looking for a job,,Assembly;C++,,.NET Core;Unity 3D;Xamarin,,Github;Microsoft Teams;Microsoft Azure,Yes,Neutral,Very important,Just because;Better work/life balance,,Every few months,Yes,Yes,Yes,Rarely: 1-2 days per year or less,Start a free trial;Research companies that have advertised on sites I visit,Annoyed,Stack Overflow (public Q&A for anyone who codes);Stack Overflow Talent (for hiring companies/recruiters);Stack Overflow Advertising (for technology companies),Play games;Call a coworker or friend;Go for a walk or other physical activity,Windows,"1,000 to 4,999 employees",IBM Cloud or Watson,Google Cloud Platform;Heroku,I have a great deal of influence,Queer,Yes,Not sure,Daily or almost daily,A few times per month or weekly,Neither easy nor difficult,Too long,Yes,"Computer science, computer engineering, or software engineering",,Django,A lot less welcome now than last year,,2,1
59966,I am a developer by profession,Yes,28.0,28,Monthly,32100.0,12048.0,Ethiopia,Ethiopian birr,ETB,MariaDB;Microsoft SQL Server;MongoDB;MySQL;Oracle;PostgreSQL,MariaDB;Microsoft SQL Server;MySQL;Oracle;PostgreSQL,"Developer, front-end","Bachelor’s degree (B.A., B.S., B.Eng., etc.)",Employed part-time,Black or of African descent,Man,Diversity of the company or organization;Office environment or company culture;Opportunities for professional development,Very satisfied,"I’m not actively looking, but I am open to new opportunities",C;C++;HTML/CSS;Java;JavaScript;PHP;Python;SQL,C;C++;HTML/CSS;Java;JavaScript;PHP;SQL,.NET;Node.js,.NET,Github;Gitlab;Slack;Microsoft Azure;Stack Overflow for Teams,Github;Gitlab;Slack;Stack Overflow for Teams,Yes,Extremely important,Very important,Wanting to share accomplishments with a wider network;Curious about other opportunities;Better compensation;Better work/life balance;Wanting to work with new technologies;Growth or leadership opportunities,"Read company media, such as employee blogs or company culture videos;Company reviews from third party sites (e.g. Glassdoor, Blind);Personal network - friends or family;Read other media like news articles, founder profiles, etc. about the company;Directly asking current or past employees at the company",Once a year,Not sure,Yes,No,Often: 1-2 days per week or more,Visit developer communities like Stack Overflow;Read ratings or reviews on third party sites like G2Crowd;Research companies that have advertised on sites I visit,Annoyed,Stack Overflow (public Q&A for anyone who codes),Call a coworker or friend;Visit Stack Overflow;Go for a walk or other physical activity;Do other work and come back later,Linux-based,20 to 99 employees,Docker;Linux;Microsoft Azure;Slack Apps and Integrations;Windows;WordPress,Linux;Slack Apps and Integrations;Windows;WordPress,I have a great deal of influence,Straight / Heterosexual,Yes,"Yes, definitely",A few times per month or weekly,Multiple times per day,Neither easy nor difficult,Appropriate in length,No,"Information systems, information technology, or system administration",Angular.js;Drupal;Laravel;React.js;Vue.js,Drupal;Laravel;Vue.js,A lot more welcome now than last year,13.0,5,1
60986,I am a student who is learning to code,Yes,32.0,18,,,,Ethiopia,,,Microsoft SQL Server;MySQL;PostgreSQL;SQLite,Microsoft SQL Server;MySQL,Academic researcher;Database administrator,"Bachelor’s degree (B.A., B.S., B.Eng., etc.)",Employed full-time,Black or of African descent,Man,Remote work options;Office environment or company culture;Opportunities for professional development,,I am actively looking for a job,JavaScript;Python;SQL;VBA,C++;Java;JavaScript;Python;SQL;VBA,.NET;Keras;TensorFlow,.NET;TensorFlow,"Github;Gitlab;Google Suite (Docs, Meet, etc);Stack Overflow for Teams","Github;Google Suite (Docs, Meet, etc);Stack Overflow for Teams",,,,,,Once every few years,Yes,,No,,Start a free trial;Ask developers I know/work with;Visit developer communities like Stack Overflow,Annoyed,Stack Overflow (public Q&A for anyone who codes);Stack Exchange (public Q&A for a variety of topics),Visit Stack Overflow;Watch help / tutorial videos;Do other work and come back later,Windows,,Windows,Android;Windows,,Bisexual,Yes,"Yes, somewhat",Less than once per month or monthly,Daily or almost daily,Easy,Too long,No,"Computer science, computer engineering, or software engineering",Django,ASP.NET,Just as welcome now as I felt last year,,10,
61362,I am a student who is learning to code,Yes,,,,,,Ethiopia,,,MongoDB,,,,Student,,,,,,Assembly;C;C#;C++;Dart;HTML/CSS;Java;JavaScript;Objective-C;Perl;PHP;Python;SQL;TypeScript,Assembly;C#;C++;HTML/CSS;Java;JavaScript;PHP;Python;SQL;TypeScript,Cordova;Flutter;Node.js,Cordova;Flutter;Node.js,Github;Stack Overflow for Teams,Github;Stack Overflow for Teams,,,,,,,,,,,,,,,Windows,,Google Cloud Platform;Linux;Windows,Android;Windows,,,,,,,,,,,Angular;Django,Angular,,,,
61535,I am a developer by profession,No,23.0,19,,,,Ethiopia,Ethiopian birr,ETB,MySQL,Microsoft SQL Server;MySQL,"Developer, back-end;Developer, front-end;Developer, full-stack","Bachelor’s degree (B.A., B.S., B.Eng., etc.)","Independent contractor, freelancer, or self-employed",Black or of African descent,Man,"Languages, frameworks, and other technologies I’d be working with;How widely used or impactful my work output would be;Opportunities for professional development",Very satisfied,I am not interested in new job opportunities,C++;HTML/CSS;JavaScript;PHP;Python;SQL,C++;HTML/CSS;Java;JavaScript;PHP;SQL;VBA,Flutter;Node.js,,Github,Github,No,Not at all important,Very important,Better compensation;Wanting to work with new technologies;Growth or leadership opportunities;Looking to relocate,"Personal network - friends or family;Read other media like news articles, founder profiles, etc. about the company;Directly asking current or past employees at the company",,Not sure,Yes,No,Never,Read ratings or reviews on third party sites like G2Crowd,Annoyed,Stack Overflow (public Q&A for anyone who codes);Stack Exchange (public Q&A for a variety of topics),Do other work and come back later,Linux-based,2 to 9 employees,Linux,Linux,,Straight / Heterosexual,Yes,"No, not really",Less than once per month or monthly,A few times per month or weekly,Easy,Appropriate in length,No,"Information systems, information technology, or system administration",Laravel;Vue.js,Laravel;Vue.js,Not applicable - I did not use Stack Overflow last year,28.0,4,2
62020,I am a student who is learning to code,Yes,23.0,16,,,,Ethiopia,,,MySQL;Oracle;SQLite,MySQL,,"Secondary school (e.g. American high school, German Realschule or Gymnasium, etc.)",Student,,Man,How widely used or impactful my work output would be;Office environment or company culture;Opportunities for professional development,,"I’m not actively looking, but I am open to new opportunities",Bash/Shell/PowerShell;C;C#;C++;Dart;Go;Haskell;JavaScript;Objective-C;Perl;PHP;Python;SQL;Swift;TypeScript;VBA,Assembly;C;C#;C++;HTML/CSS;Java;JavaScript;PHP;SQL,.NET Core;Node.js;Xamarin,.NET;.NET Core,Github;Slack,Github;Slack,,,,,,Every few months,Not sure,,No,,Start a free trial;Ask developers I know/work with;Visit developer communities like Stack Overflow,"Hello, old friend",Stack Overflow (public Q&A for anyone who codes);Stack Exchange (public Q&A for a variety of topics);Stack Overflow Jobs (for job seekers),Visit Stack Overflow;Go for a walk or other physical activity;Do other work and come back later,Windows,,Android;Arduino;Linux;MacOS;Microsoft Azure;Raspberry Pi;Windows;WordPress,Android;Arduino;Linux;Windows;WordPress,,Straight / Heterosexual,Not sure/can't remember,Neutral,,Daily or almost daily,Neither easy nor difficult,Appropriate in length,No,,,,Just as welcome now as I felt last year,,7,
62832,I am a student who is learning to code,Yes,20.0,17,,,,Ethiopia,,,Firebase;MongoDB;Oracle;PostgreSQL,Firebase;Microsoft SQL Server;MySQL;SQLite,,"Bachelor’s degree (B.A., B.S., B.Eng., etc.)",Student,Black or of African descent,Man,Diversity of the company or organization;Financial performance or funding status of the company or organization;How widely used or impactful my work output would be,,"I’m not actively looking, but I am open to new opportunities",C;C++;Dart;Go;Kotlin;Perl;Python;Ruby;Rust;TypeScript,Assembly;Bash/Shell/PowerShell;C;C#;C++;Dart;HTML/CSS;Java;JavaScript;PHP;Python;SQL,Apache Spark;Flutter;Keras;Node.js;Pandas;React Native;TensorFlow;Torch/PyTorch,Flutter,"Github;Gitlab;Google Suite (Docs, Meet, etc);Stack Overflow for Teams",Github,,,,,,Every few months,Yes,,Yes,,Start a free trial;Ask developers I know/work with;Visit developer communities like Stack Overflow;Read ratings or reviews on third party sites like G2Crowd,"Hello, old friend",Stack Overflow (public Q&A for anyone who codes);Stack Exchange (public Q&A for a variety of topics),Play games;Visit Stack Overflow;Watch help / tutorial videos;Do other work and come back later;Visit another developer community (please name):,Linux-based,,Android;AWS;Docker;Kubernetes,Android;Arduino;Heroku;WordPress,,Straight / Heterosexual,Yes,"No, not really",I have never participated in Q&A on Stack Overflow,A few times per week,Neither easy nor difficult,Appropriate in length,No,"Information systems, information technology, or system administration",Angular;Django;React.js;Ruby on Rails;Spring;Vue.js,Angular;jQuery;Laravel,Just as welcome now as I felt last year,,3,
63017,I am a developer by profession,No,29.0,18,,,,Ethiopia,Ethiopian birr,ETB,DynamoDB,DynamoDB,"Developer, back-end;Developer, desktop or enterprise applications;Developer, embedded applications or devices;Developer, front-end;Developer, full-stack;Developer, mobile","Bachelor’s degree (B.A., B.S., B.Eng., etc.)",Employed full-time,Black or of African descent,Man,"Flex time or a flexible schedule;Languages, frameworks, and other technologies I’d be working with;Remote work options",Slightly satisfied,"I’m not actively looking, but I am open to new opportunities",HTML/CSS;JavaScript;Python;TypeScript,HTML/CSS;JavaScript;Python,Node.js,Node.js,"Github;Google Suite (Docs, Meet, etc)","Github;Slack;Google Suite (Docs, Meet, etc)",No,Extremely important,Fairly important,Wanting to share accomplishments with a wider network;Better compensation;Trouble with leadership at my company;Wanting to work with new technologies,"Read company media, such as employee blogs or company culture videos;Company reviews from third party sites (e.g. Glassdoor, Blind);Personal network - friends or family;Read other media like news articles, founder profiles, etc. about the company;Directly asking current or past employees at the company",Every few months,No,No,Yes,Often: 1-2 days per week or more,Start a free trial;Visit developer communities like Stack Overflow;Read ratings or reviews on third party sites like G2Crowd;Research companies that have advertised on sites I visit,"Hello, old friend",Stack Overflow (public Q&A for anyone who codes);Stack Exchange (public Q&A for a variety of topics);Stack Overflow Jobs (for job seekers),Visit Stack Overflow;Go for a walk or other physical activity,Windows,2 to 9 employees,AWS;Docker;Kubernetes,AWS;Docker,I have some influence,Straight / Heterosexual,Yes,"Yes, somewhat",Less than once per month or monthly,Multiple times per day,Easy,Too long,No,"Another engineering discipline (such as civil, electrical, mechanical, etc.)",React.js;Vue.js,Vue.js,Somewhat more welcome now than last year,56.0,11,6
63032,I am a developer by profession,Yes,,8,,,,Ethiopia,,,,,,"Secondary school (e.g. American high school, German Realschule or Gymnasium, etc.)",Student,,,Industry that I’d be working in;Diversity of the company or organization;Remote work options,,I am actively looking for a job,,,,,,,,,,Better compensation;Better work/life balance;Looking to relocate,"Read company media, such as employee blogs or company culture videos;Directly asking current or past employees at the company",,,,No,,,,Stack Overflow (public Q&A for anyone who codes);Stack Exchange (public Q&A for a variety of topics),,,,,,,,Yes,Neutral,I have never participated in Q&A on Stack Overflow,Multiple times per day,,,,,,,,,8,
65051,I am a student who is learning to code,Yes,,,,,,Ethiopia,,,,,,,Student,,,,,,,,,,,,,,,,,,,,No,,,,Stack Overflow (public Q&A for anyone who codes),,,,,,,,Not sure/can't remember,Neutral,,Daily or almost daily,,,,,,,A lot more welcome now than last year,,,
65531,I am a student who is learning to code,Yes,,,,,,Ethiopia,,,,,,,Student,,,,,,,,,,,,,,,,,,,,,,,,,,,,,,,,,,,,,,,,,,,,,
65637,I am a student who is learning to code,Yes,,,,,,Ethiopia,,,,,,,Student,,,,,,,,,,,,,,,,,,,,,,,,,,,,,,,,,,,,,,,,,,,,,
